{
    "players": [
        {
            "id": 112814,
            "matches": "123",
            "tries": "11"
        },
        {
            "id": 111285,
            "matches": "234",
            "tries": "22"
        },
        {
            "id": 109861,
            "matches": "345",
            "tries": "33"
        },
        {
            "id": 109509,
            "matches": "456",
            "tries": "44"
        },
        {
            "id": 109510,
            "matches": "567",
            "tries": "55"
        }
    ],
    "team": {
        "coach": "Barry Cassidy",
        "id": 13
    }
}
