{
  "id": 141,
  "text": "Philosophy is a battle against the bewitchment of our intelligence by means of language",
  "title": "Philosophy is",
  "meta": {
      "author": "Sandra",
      "subseddit": "shower-thoughts",
      "published": "1551568707",
      "upvotes": [
          3,
          106,
          173,
          142,
          48,
          176,
          18,
          20,
          85,
          149,
          151,
          181,
          87,
          26,
          117,
          124,
          157,
          190
      ]
  },
  "thumbnail": null,
  "image": null,
  "comments": [
      {
          "author": "Theresa",
          "published": "1557845057",
          "comment": "I love this shot!"
      },
      {
          "author": "Jose",
          "published": "1558163297",
          "comment": "are you kidding me? unfollowed"
      },
      {
          "author": "Teresa",
          "published": "1556249333",
          "comment": "i agree! why are more people not saying this"
      }
  ]
}